"#","Reference","Qty","MPN","Description","Value","Package","Link","LCSC","DNP"
"1","D1,D2,D3,D4,D5,D6","6","BAS16VY,115","3 Independent 200mA 1.25V@150mA 100V SOT-363 Diodes - General Purpose ROHS ","BAS16VY,115","SOT-363","","C135826",""
"2","J1","1","5051101492","Flip type -40℃~+105℃ 14P Bottom Contact Horizontal attachment 0.5mm","To Button Board","SMD,P=0.5mm,Surface Mount，Right Angle","","C3169593",""
"3","J2,J3","2","5034800540","FFC, FPC (Flat Flexible) Connector Assemblies ROHS 5P","bumpers","-","","C5527934",""
"4","L1,L2,L3,L4,L5,L6,L7,L8,L9,L10,L11,L12,L13","13","SK6805-EC-10","RGB LED","SK6805-EC-10","SK6805-EC-10","","",""
"5","SW5,SW6,SW7,SW8","4","","","BPAD","","","","DNP"
"6","SW1,SW2,SW3,SW4","4","PTS540JM035SMTRLFS","3.7mm 0.35mm Round Button 50mA Standing paste 3.7mm SPST 160gf 12V","PTS540JM035SMTRLFS","SMD,3.7x3.7mm","https://www.lcsc.com/product-detail/Tactile-Switches_C-K-PTS540JM035SMTRLFS_C221864.html","C221864",""
